id,first_name,last_name,email,gender,ip_address
"1","Gert","Dunlap","gdunlap0@hubpages.com","Female","46.78.105.166"
"2","Perla","Buckoke","pbuckoke1@icio.us","Female","73.95.90.247"
"3","Harbert","felip","hfelip2@pbs.org","Male","176.120.56.0"
"4","Alasdair","Zanettini","azanettini3@google.com","Male","241.208.21.37"
"5","Elianora","Trenouth","etrenouth4@deviantart.com","Female","215.209.114.64"
"6","Rosetta","Patshull","rpatshull5@webeden.co.uk","Female","169.13.166.224"
"7","Cameron","Rounsivall","crounsivall6@cnn.com","Male","127.194.58.141"
"8","Orton","Briar","obriar7@github.com","Male","123.213.84.149"
"9","Kordula","Bashford","kbashford8@photobucket.com","Female","135.115.41.8"
"10","Isidora","Lilie","ililie9@thetimes.co.uk","Female","254.198.230.233"
